Ward,Pop,Black_Afri,Coloured,Indian_or_,White,Other,Gade_0,Grade_1___,Grade_2___,Grade_3___,Grade_4___,Grade_5___,Grade_6___,Grade_7___,Grade_8___,Grade_9___,Grade_10__,Grade_11__,Grade_12__,NTC_I___N1,NTC_II___N,NTC_III__N,N4___NTC_4,N5__NTC_5,N6___NTC_6,Certificat,Diploma_wi,Certific00,Diploma_00,Higher_Dip,Post_Highe,Bachelors_,Bachelor00,Honours_de,Higher_Deg,Other1,No_schooli,Unspecifie,Not_applic,PMI_No_inc,PMI_R_1___,PMI_R_401_,PMI_R_801_,PMI_R_1_60,PMI_R_3_20,PMI_R_6_40,PMI_R_12_8,PMI_R_25_6,PMI_R51201,PMI_R10240,PMI_R20480,PMI_Unspec,PMI_NotApp,Employed,Unemployed,Discourage,Other_NotE,Age_Lessth,Employment,FormalSect,InformalSe,Private_ho,Do_not_kno,Unsepcifie,Sector_Not
1,26885,2072,3663,1421,19152,577,433,309,282,275,312,306,409,450,931,578,1829,689,7803,88,160,238,132,88,218,71,152,671,1467,1966,274,1635,592,716,567,242,218,0,2785,6839,174,231,678,1055,2158,3619,3770,2114,705,158,108,3773,1504,12710,521,86,5688,0,7881,11489,744,759,255,0,13638
2,25584,3607,4821,561,15953,642,395,266,238,239,306,275,394,435,948,599,1885,688,7801,60,131,172,121,74,184,61,96,481,1190,1666,211,1272,433,553,474,140,245,0,3551,6677,186,201,878,1354,2519,3684,3233,1223,257,83,48,3115,2126,11923,722,122,5247,0,7570,10744,841,588,185,0,13226
3,31945,4164,5100,447,21691,543,489,301,342,288,330,395,477,462,1258,712,2354,815,10364,107,132,291,203,164,231,142,284,654,1751,1696,285,1313,454,626,436,247,363,0,3982,7018,210,260,1028,1527,3198,4760,4304,1604,296,113,95,5326,2208,15389,879,166,7142,0,8369,13482,1230,992,225,0,16017
4,40916,20022,5250,1250,13222,1172,996,795,644,604,693,778,816,1016,1677,1616,2728,3258,10410,106,126,182,112,89,120,96,124,826,1639,1930,288,1965,639,923,600,281,554,0,4286,14233,1494,759,2178,3961,3327,3632,3804,2140,718,129,116,3991,434,19847,3067,593,6602,0,10806,15406,1604,2543,691,0,20671
5,24663,2198,4035,303,17764,363,390,256,239,255,292,301,333,425,1038,645,2536,762,7336,90,186,368,165,109,150,74,109,467,879,1402,162,829,269,331,205,201,196,0,3662,6299,200,196,881,1122,2069,3184,3172,1373,304,79,55,3210,2519,10962,749,133,6373,0,6446,9582,571,820,343,0,13347
6,23473,11873,9100,57,2173,270,724,551,522,574,706,884,949,1133,1718,1642,2162,1981,4738,38,38,64,42,34,61,32,35,167,347,451,40,235,75,83,54,41,746,0,2606,9788,1622,598,1901,2164,1372,1242,813,253,34,20,23,3615,30,8754,2427,520,4756,0,7017,7263,728,707,154,0,14622
7,30808,1742,27454,185,1102,325,655,604,627,655,801,913,1059,1556,2340,2103,3433,1727,6742,36,52,71,70,44,59,53,114,560,810,665,138,361,186,184,84,75,886,0,3141,11747,498,405,2903,2475,2475,2612,1620,315,55,34,19,5359,289,11723,1729,626,7530,0,9200,10471,770,527,88,0,18951
8,37745,6211,7613,277,23163,481,763,586,546,475,569,623,622,752,1375,1055,2775,1233,11320,135,221,356,253,149,354,126,212,1034,1951,2366,269,1558,591,680,442,211,614,0,3529,10290,473,468,1447,1615,3090,5247,5409,2065,334,134,118,6665,389,18894,1357,480,6309,0,10705,16273,1236,1274,490,0,18471
9,29301,5427,22270,279,146,1179,690,534,511,575,695,716,928,1323,2360,2024,2635,1588,4649,31,44,50,39,30,36,37,65,207,371,361,51,340,166,161,97,38,780,0,7169,10860,1360,428,2952,2587,2328,1336,893,184,29,18,18,1363,4944,8531,2164,354,10437,0,7815,7412,540,596,107,0,20645
10,30522,5952,16757,445,5942,1426,580,444,433,397,505,566,744,1057,1970,1320,2954,1405,7761,39,62,96,74,37,69,37,86,272,819,858,150,547,173,256,136,92,600,0,5981,9940,228,296,2042,2192,2840,2959,1706,360,45,41,32,4046,3793,11363,1723,360,8535,0,8539,9786,905,585,251,0,18995
11,41693,8148,26541,256,5803,945,945,797,785,790,880,1062,1274,1687,3156,2534,3845,2329,8716,73,99,174,112,84,122,88,130,580,1259,1367,166,1122,340,437,281,137,955,0,5366,16608,1293,935,2981,3092,3103,3116,2860,831,152,66,50,4975,1633,15948,2983,656,9453,0,12654,13434,1224,1072,489,0,25473
12,35392,1415,32705,260,63,949,1080,867,741,898,1067,1193,1434,2549,3307,3224,4444,2457,6282,50,53,55,33,24,42,38,29,139,198,260,47,117,50,41,18,130,878,0,3647,17870,1808,681,3876,3555,3225,1587,465,57,6,12,6,2244,0,11186,3642,1081,8483,0,11000,9402,1335,427,99,0,24130
13,45755,11838,33121,156,50,590,1494,1273,1022,1128,1481,1587,2034,3182,4551,4406,5476,4015,6506,42,28,39,20,16,28,35,30,153,214,120,27,52,34,19,5,28,1132,0,5580,24381,5479,1131,4159,4907,2708,845,155,58,4,15,0,1914,0,12432,7592,1523,9727,0,14482,8935,2259,984,304,0,33275
14,43288,7813,28210,241,6407,617,1127,910,863,912,1101,1182,1325,1934,2996,2629,4180,2383,9243,75,159,146,119,87,161,88,97,615,1211,1422,219,993,358,418,375,140,1124,0,4697,16731,1407,706,3286,3094,3425,3811,3122,1045,226,81,45,6000,309,17741,4092,483,8227,0,12745,14205,2245,1060,480,0,25299
15,22606,2036,3987,234,15946,403,417,292,377,294,328,337,369,417,665,605,967,574,5277,72,83,115,94,53,147,72,90,557,1164,1859,341,1876,766,1012,1199,281,300,0,1606,6238,183,178,615,870,1626,2616,2956,1869,694,212,135,4054,361,9769,634,147,4393,0,7663,8422,662,908,324,0,12291
16,43111,12682,29416,212,209,592,1158,1083,933,1064,1199,1271,1571,2208,3355,3179,4859,3514,9220,32,34,50,34,43,60,70,56,368,418,431,58,244,75,59,46,138,870,0,5409,19779,1864,737,3318,4024,3627,2759,1084,145,14,19,11,5073,656,14815,4443,846,9719,0,13288,11418,1303,1590,642,0,28158
17,41077,3935,35964,295,173,710,1010,929,941,971,1116,1364,1518,2337,3250,3024,4666,2864,9138,57,77,83,51,37,44,44,58,526,522,484,102,275,133,129,66,135,897,0,4231,16971,986,658,3390,3340,3559,3023,1457,192,31,31,14,7267,157,14536,3728,839,9548,0,12426,11627,1723,997,327,0,26403
18,22304,21955,230,19,17,83,804,622,555,568,732,722,828,1118,1722,1619,1948,2481,4299,41,29,26,24,20,32,14,41,140,265,157,44,139,73,31,31,28,504,0,2647,10525,3859,653,2049,1622,778,530,280,41,2,12,11,1942,0,5575,3841,683,5403,0,6802,4372,653,547,62,0,16670
19,54516,16868,36376,277,140,855,1507,1501,1315,1470,1808,1783,2108,3072,4613,4353,5377,3964,9284,69,63,92,90,64,89,60,59,390,773,835,129,633,202,228,110,131,1657,0,6685,22651,5034,1288,4312,4663,3323,2799,2124,336,30,35,32,7842,49,18638,6480,1235,10148,0,18016,13515,2346,2391,497,0,35767
20,41762,16388,24409,184,45,736,1302,1240,1008,1053,1418,1452,1894,2713,3902,3617,4800,3895,6151,57,22,36,28,19,38,19,26,200,186,191,29,69,34,21,15,110,1181,0,5036,20621,5109,1099,3694,4314,2178,703,177,52,9,14,1,3791,0,11308,7369,915,8889,0,13281,7324,2066,1357,629,0,30386
21,21578,1446,1382,210,18333,207,379,263,289,234,291,276,319,275,477,330,871,437,5183,41,77,139,80,82,154,60,137,638,1316,1760,368,1983,809,1109,1023,186,233,0,1759,5707,130,138,419,863,1581,2632,3236,2173,942,209,108,2691,749,10678,412,67,3923,0,6497,9487,792,763,168,0,10367
22,30846,3041,26151,325,103,1226,753,666,538,666,880,925,1161,1835,2644,2181,3382,1806,6373,36,61,80,58,20,65,38,59,395,482,588,87,565,156,209,128,101,576,0,3333,14190,922,661,3499,2438,2488,2179,1331,352,47,40,25,2157,515,10305,2602,594,7806,0,9540,9118,614,516,231,0,20368
23,33448,4057,2812,712,25239,628,693,472,448,447,508,469,549,619,972,693,1522,841,9345,136,189,293,183,117,253,100,236,756,1860,2962,428,2229,789,1047,968,497,480,0,2347,9936,453,352,990,1327,2459,4080,4872,3131,1318,287,217,3972,54,17692,1024,133,5396,0,9204,15037,1161,1694,390,0,15168
24,27730,1782,25709,85,21,133,631,761,625,680,913,1083,1369,2261,2832,2915,3301,1931,3653,11,6,14,19,12,8,14,12,564,92,68,9,73,24,13,17,39,852,0,2929,13206,1966,675,4107,2326,1564,672,197,38,4,9,6,2869,91,7326,2937,855,7630,0,8982,6432,350,494,118,0,20336
25,40211,1788,35058,2797,62,506,1012,953,851,1015,1189,1404,1788,2956,4175,3708,4732,2691,6895,12,26,29,24,19,22,32,45,373,268,227,36,268,55,82,54,84,985,0,4203,18054,1114,879,4606,3617,2779,1381,618,130,26,10,10,6829,158,11846,3764,1167,10484,0,12950,10093,1113,486,326,0,28193
26,30741,4538,18482,657,5985,1079,735,618,582,575,699,749,958,1456,2450,1871,3698,1638,8126,49,78,97,67,48,78,46,93,234,572,576,92,437,142,135,69,173,554,0,3045,11701,498,435,2850,2972,2785,2370,1444,291,54,24,17,4928,371,11028,1907,572,7963,0,9271,9370,917,770,191,0,19493
27,28117,5058,9187,1062,12031,779,614,356,395,322,427,393,542,626,1605,992,3155,1009,9232,101,114,234,121,82,155,77,230,496,1127,1108,162,819,322,315,195,149,292,0,2349,8567,259,282,1499,2036,2951,3991,2896,797,141,68,47,4131,452,13165,1137,205,5725,0,7885,11029,1266,981,196,0,14645
28,30826,1458,28920,163,35,250,844,769,640,778,970,1099,1308,2375,3279,2901,3810,2098,5428,34,21,33,22,20,42,17,37,108,101,148,38,69,35,27,26,37,667,0,3045,15049,1680,741,4098,3117,2355,1159,377,52,6,14,5,2162,12,9014,2687,1334,7769,0,10023,7052,1760,250,53,0,21712
29,43269,1951,40450,126,98,644,1227,1092,930,1048,1377,1547,1834,2800,4429,3239,5331,3339,8125,37,24,47,30,18,41,39,51,295,325,198,37,61,35,27,17,84,877,0,4709,18785,3854,976,5595,4134,3166,1597,618,100,12,29,9,4228,165,12916,5110,1406,9862,0,13975,11175,1230,466,148,0,30250
30,35723,1995,29388,232,3583,525,981,824,710,841,986,1257,1490,2290,3771,3103,4768,2124,6814,30,37,71,47,25,26,23,30,142,233,267,29,174,44,48,34,126,665,0,3714,16242,1934,745,4635,3447,3059,2004,834,135,17,15,7,2352,297,11544,2997,788,9031,0,11362,10005,1032,411,195,0,24081
31,35329,3575,30596,162,53,943,965,1001,821,991,1253,1445,1780,2641,3740,3400,3922,2165,5028,24,43,33,25,12,21,11,13,175,146,462,50,185,91,106,47,71,731,0,3930,15381,3688,927,4438,3032,2132,1164,637,138,24,16,11,3543,196,9541,3495,1032,9233,0,12028,8133,1047,401,74,0,25673
32,37430,7508,28376,163,722,661,1095,994,859,878,1232,1225,1439,2271,3071,2747,4447,3332,7531,51,57,76,51,29,39,19,27,99,169,262,31,71,29,30,22,61,1016,0,4170,15438,3492,909,4267,3586,2666,1217,583,110,23,18,19,5101,0,11997,3851,1406,8735,0,11440,9567,1622,622,280,0,25339
33,43695,42931,342,40,20,362,1332,1279,933,935,1195,1177,1425,1949,2929,3346,4453,6486,8640,80,36,20,31,24,31,5,62,198,249,165,25,89,54,26,28,52,901,0,5540,19260,8627,1774,4340,5067,1665,439,108,38,6,37,5,2328,0,13479,9093,767,7766,0,12589,9243,1578,2256,470,0,30148
34,34393,33714,210,26,38,405,1094,932,745,756,974,991,1133,1488,2318,2477,3415,5334,6615,89,40,29,31,34,38,6,26,111,227,186,36,78,42,22,14,28,699,0,4380,14365,5531,1386,3535,4227,1307,381,151,49,0,9,5,3448,0,10862,6046,1178,6403,0,9904,7654,953,1979,351,0,23457
35,40068,38158,1359,36,67,448,1350,1216,1007,992,1194,1256,1377,1851,2679,2776,3831,4947,7612,75,33,24,14,33,55,21,40,199,335,165,55,160,62,31,24,42,1329,0,5282,17386,6695,1256,3894,4203,1650,561,211,36,4,4,9,4017,142,11177,6413,1622,8445,0,12409,7575,1657,1498,499,0,28838
36,34166,33087,946,22,28,83,1169,984,887,869,1073,1081,1340,1660,2613,2482,3278,4060,5217,90,16,19,17,12,11,28,30,393,171,198,39,45,58,24,19,57,1920,0,4307,16375,7396,1033,3451,2539,1079,373,95,43,2,6,6,1767,0,7253,5903,1236,8933,0,10841,4654,1023,1369,291,0,26829
37,22207,21907,91,17,17,175,720,586,601,614,774,746,932,1195,1967,1622,2113,2827,3928,38,25,19,12,11,16,14,18,113,91,104,18,27,16,15,7,13,469,0,2557,10461,4391,700,2825,1788,672,190,53,45,0,6,1,1074,0,5080,4689,1062,4647,0,6729,3791,636,540,156,0,17083
38,20633,20386,124,15,22,86,733,482,515,462,617,604,574,850,1699,1222,1899,2454,4114,22,18,8,12,6,14,193,31,422,256,179,32,149,24,26,13,21,682,0,2297,9819,3415,538,2771,1616,995,448,156,32,3,4,1,832,0,4663,4007,841,4358,0,6764,3970,266,485,37,0,15874
39,24470,24163,53,5,76,173,689,636,586,541,717,737,938,1257,2001,1933,2347,3242,3745,31,13,17,14,20,15,6,11,534,114,106,20,41,26,11,5,26,933,0,3160,10685,5069,796,2881,2640,785,215,72,24,1,2,5,1176,120,6484,4402,1455,4992,0,7138,4605,1002,835,104,0,17925
40,28471,28148,211,17,11,84,847,667,587,566,768,804,1042,1239,2272,2198,3003,3833,5776,39,20,19,14,41,29,16,21,125,256,110,34,58,48,22,20,43,463,0,3493,12195,5765,866,3269,2968,1176,363,118,36,0,7,6,1704,0,7983,6038,951,5086,0,8414,6060,840,941,216,0,20415
41,21005,20659,229,18,15,84,679,451,461,389,518,492,664,868,1659,1214,2080,2451,5109,34,23,18,17,4,36,14,19,131,358,337,49,218,44,45,17,38,299,0,2272,9945,2284,425,2862,1720,1123,596,245,32,5,5,4,1581,180,5124,3885,1010,4396,0,6590,3928,689,416,173,0,15799
42,28083,19764,7583,71,18,647,853,671,625,667,860,826,1046,1336,2678,2287,3129,3470,5418,54,27,17,15,18,15,13,38,101,129,132,17,59,24,15,17,46,503,0,2976,12996,4605,742,3438,2552,1249,485,129,62,16,2,5,1803,0,7505,4267,754,7192,0,8363,5384,949,1088,149,0,20512
43,40403,2144,37055,486,108,610,1108,788,829,811,878,992,1259,1982,3007,2848,4842,2580,10075,62,109,190,93,81,83,61,105,670,1080,681,84,508,152,142,70,128,579,0,3526,16882,686,438,3140,2647,4079,4427,2538,359,41,52,13,5071,28,16297,2910,582,8486,0,12128,14602,1033,679,150,0,23939
44,34405,13847,19633,264,49,612,864,731,756,703,901,1066,1261,2151,3125,2744,3883,3272,6426,47,21,46,32,21,28,33,36,281,323,365,72,179,53,74,23,42,781,0,4064,14659,3773,677,4648,3166,2028,1231,516,94,13,13,8,3004,574,10189,4448,800,8027,0,10939,8219,786,1140,175,0,24085
45,34792,11357,22197,167,26,1045,1419,961,867,971,1154,1289,1573,2291,3776,3125,3748,2884,5012,35,13,11,13,23,13,16,49,202,195,209,25,120,41,36,17,77,714,0,3917,16996,4463,1052,4941,2649,1469,571,259,76,8,15,2,2181,110,7968,5725,953,8480,0,11666,6187,927,713,236,0,26729
46,33890,1073,31019,1000,86,712,846,770,692,793,950,1141,1334,2142,3779,2889,4067,2147,6109,40,42,53,31,26,45,28,41,165,342,295,64,287,85,125,91,118,714,0,3638,15752,1692,612,4850,1972,1777,1368,844,257,54,18,5,4262,428,8424,2772,1461,9510,0,11725,7420,716,350,116,0,25288
47,34625,820,33403,147,34,221,893,957,872,1046,1303,1487,1787,2708,4340,3706,4130,2315,4113,22,6,14,11,9,2,8,12,46,33,38,8,12,6,6,5,61,719,0,3948,15578,1899,1042,5274,2720,1444,406,72,40,2,6,0,5992,149,6888,4868,1279,9185,0,12405,5246,1109,269,322,0,27679
48,29752,2492,17361,8375,111,1413,636,415,436,476,571,687,837,1239,2009,1526,3008,1510,7846,53,75,117,70,47,65,63,60,902,622,856,194,1123,289,349,209,148,545,0,2770,11001,468,285,3474,1546,2479,2651,1906,595,114,42,24,4343,827,10562,1485,445,8208,0,9052,9479,544,660,153,0,18915
49,37464,1563,34916,474,78,433,864,615,642,694,951,1157,1341,2465,3908,3387,5402,2493,7796,55,47,73,47,30,37,25,35,168,272,322,52,231,71,77,37,83,640,0,3451,14611,1474,537,5090,2943,3326,2125,835,153,26,27,8,5907,401,12139,2921,1127,9539,0,11738,11135,784,292,85,0,25168
50,32977,856,31593,149,32,347,809,840,802,878,1109,1305,1585,2624,3737,3329,4366,2183,5125,19,15,26,20,14,7,8,7,35,62,78,13,37,14,7,7,55,692,0,3166,13456,1811,792,4813,2994,2361,951,210,51,8,7,9,5512,2,9366,3759,993,7654,0,11206,8375,732,300,73,0,23496
51,23290,23038,110,21,28,93,625,520,515,471,551,615,718,883,1665,1389,1932,2856,5646,30,26,17,15,21,12,40,78,323,436,290,51,218,65,65,48,46,569,0,2552,10504,2724,636,2464,2421,1443,795,303,55,13,11,1,1744,176,6840,3824,612,5247,0,6765,5679,534,697,51,0,16328
52,24675,24499,79,11,8,78,693,604,543,544,688,734,774,1032,1765,1893,2306,3598,5280,62,21,20,11,18,16,6,61,60,245,145,31,87,31,59,44,14,438,0,2851,11619,4055,653,2129,2398,1089,419,115,19,4,10,8,2152,6,6812,5392,740,4995,0,6737,5415,732,629,94,0,17805
53,29027,9322,7660,999,10239,807,655,457,397,382,443,495,552,744,1237,934,1824,1357,6513,74,72,128,73,81,84,59,86,521,1172,1646,252,1648,728,874,900,252,364,0,4026,9386,1109,371,1771,1784,2051,2709,2853,1764,611,135,92,2371,2019,11677,1625,201,6500,0,9025,10284,716,1044,105,0,16879
54,27903,5342,2227,741,18494,1099,290,188,181,159,203,238,256,326,537,372,897,600,6729,61,65,62,48,51,55,69,145,564,1243,2080,460,2739,1120,1540,1505,448,192,0,4481,5588,265,257,768,1507,2403,3636,3940,2686,1079,409,296,1768,3301,13318,704,83,6512,0,7286,11345,888,1844,335,0,13491
55,35535,9029,10523,1225,13290,1468,758,499,470,474,527,665,787,974,2090,1450,3424,1427,9132,110,120,157,115,63,100,95,181,506,1049,1439,248,1302,389,604,433,234,474,0,5236,12333,475,437,2727,2745,3429,3530,2606,1139,301,106,78,3070,2560,14583,2307,313,8032,0,10299,11520,1444,1716,340,0,20514
56,33796,5553,26380,620,405,838,892,633,586,619,766,934,1074,1736,2887,2299,3653,1856,8146,47,69,101,45,55,61,50,97,436,809,702,111,580,172,215,129,93,475,0,3468,15306,865,522,3933,2878,3530,2842,1437,328,82,20,19,1693,343,12611,1926,391,8587,0,10282,11257,762,628,99,0,21052
57,33076,11581,9550,1380,8874,1691,436,354,282,274,328,379,478,664,1069,870,1522,883,7529,45,52,83,53,35,79,98,107,650,1225,1361,302,2087,800,1117,1141,199,333,0,8242,8491,376,474,1934,1940,2551,2864,2773,1400,336,73,70,3308,6486,12364,1611,198,12228,0,6675,10361,868,1190,253,0,20404
58,28624,5492,3833,1373,16724,1202,441,343,288,312,276,314,326,383,607,444,776,646,5673,41,61,109,63,43,69,67,104,764,1272,2223,397,2914,1288,1857,1991,271,285,0,3974,7678,246,214,741,1159,2083,3301,3981,2827,1058,260,149,2592,2334,13585,566,92,6648,0,7732,12086,679,1304,261,0,14293
59,23734,4704,2162,1299,14708,861,297,184,176,182,230,185,225,272,377,263,610,423,4774,75,37,53,26,31,45,60,101,614,1127,1604,394,3068,1164,1778,1599,268,201,0,3288,5030,187,192,641,1222,1944,2775,3384,2188,931,269,189,2431,2351,10675,532,50,6687,0,5789,9702,627,916,203,0,12285
60,31679,2834,20140,3976,2304,2425,755,495,469,510,573,604,787,976,1641,1338,2860,1357,8633,84,130,176,92,87,131,89,114,515,1193,1338,233,1533,618,694,438,202,476,0,2541,10699,269,280,2392,1476,2199,3178,3156,1382,351,111,147,5848,191,13473,1266,300,6971,0,9669,12222,702,782,197,0,17777
61,31883,6593,16260,452,8165,413,614,468,433,487,564,617,819,1177,1860,1645,2462,1216,5380,36,67,147,73,43,70,72,100,399,690,810,177,784,299,372,367,230,985,0,8421,7718,410,341,1820,1988,2105,2070,1617,761,273,108,56,6184,6432,9279,1652,648,11129,0,9175,7897,832,855,171,0,22127
62,24832,4122,3710,680,15645,675,454,321,295,298,330,336,451,489,749,572,1163,738,5248,52,73,84,53,39,64,61,112,676,936,1724,316,2075,1073,1255,1273,300,215,0,3007,6689,190,173,784,1173,1690,2468,2732,1909,1241,440,305,3456,1583,11050,534,163,5547,0,7538,9982,538,1163,171,0,12979
63,27872,2888,19188,1095,2706,1995,619,475,364,477,430,534,597,901,1561,1284,2796,1298,7721,66,136,189,107,81,113,73,98,617,1150,1272,252,989,283,390,257,153,351,0,2240,9597,249,211,1871,1556,2262,3181,2988,1059,153,73,41,4341,289,12208,1289,209,6046,0,8120,10726,700,955,201,0,15291
64,24489,3657,4511,477,14817,1027,421,271,248,263,222,279,354,374,772,505,1446,757,6933,88,129,231,109,83,114,111,136,655,1244,1724,294,1594,518,709,768,205,219,0,2714,6315,206,242,815,1074,2197,3694,3536,1517,360,94,74,3159,1208,11007,630,71,4909,0,7872,9619,931,971,181,0,12788
65,28115,1544,25368,267,82,854,832,587,563,616,712,797,1018,1747,2235,2199,3530,1865,6146,90,66,78,46,29,37,35,39,343,416,408,42,317,71,92,30,122,410,0,2596,10808,661,462,3833,2090,2532,2051,986,190,29,22,5,4448,0,9979,2008,533,6287,0,9310,8733,900,540,48,0,17896
66,28845,756,26685,263,161,980,829,691,624,720,884,1052,1246,2122,3093,2834,3360,1591,4899,26,31,54,29,22,21,18,52,174,377,211,39,203,63,55,23,63,593,0,2845,12289,2462,538,4070,2381,1730,1396,861,177,24,19,11,2887,0,8680,3117,765,6718,0,9565,7779,541,369,105,0,20052
67,48613,14404,29870,2055,338,1946,1521,1218,1224,1136,1526,1586,1806,2949,4166,4049,5357,4126,8439,89,61,97,53,38,49,58,30,422,441,372,80,299,111,104,82,101,1332,0,5689,21046,2131,1265,4603,4954,2754,1518,955,271,55,30,15,9002,15,15736,6875,952,9978,0,15071,11650,1924,2085,226,0,32728
68,31832,1280,29958,173,74,347,950,705,645,832,983,1115,1443,2552,3350,2857,3942,1966,5345,28,46,48,32,32,28,41,44,366,267,72,18,143,50,42,15,53,740,0,3079,12071,732,593,4327,2580,2299,1107,483,102,25,14,5,7454,40,9730,3534,802,7335,0,10431,8489,602,564,242,0,21935
69,37172,21746,1041,167,12390,1828,972,805,720,632,780,748,866,1188,1835,1916,2685,3956,8890,174,122,172,89,90,128,77,119,431,975,1133,166,1046,331,465,453,177,852,0,4176,11264,1692,1099,3210,3784,1914,1926,1921,1310,453,113,44,7974,466,15983,4466,359,5406,0,10957,11952,1295,2530,569,0,20825
70,24934,1723,2322,553,19893,443,443,320,334,299,359,314,349,373,567,470,762,446,5370,31,72,130,68,62,120,67,140,474,1458,2098,419,2500,904,1521,1612,221,301,0,2329,7241,149,134,421,853,1403,2772,3670,2973,1465,344,196,2447,866,12746,379,56,4872,0,6881,11890,538,722,110,0,11675
71,27943,5686,4833,325,16527,572,526,417,386,397,406,438,514,591,918,821,1570,1043,6761,58,75,166,112,51,91,53,142,521,1302,1933,251,1692,701,821,714,220,301,0,3953,7617,211,237,863,1432,1790,2849,3208,2105,890,209,124,4229,2179,11669,1168,171,6601,0,8334,10217,884,1026,198,0,15618
72,25189,2445,19935,348,1640,821,624,423,386,444,500,602,651,989,1954,1372,2942,1267,6583,40,86,136,83,48,72,99,129,524,1057,669,82,653,194,215,128,67,307,0,1864,10749,236,204,2468,1555,2249,2540,1951,581,92,40,5,2481,40,9961,1721,209,5622,0,7677,8858,745,444,134,0,15009
73,24285,2143,5835,459,15051,797,462,280,332,285,297,330,387,452,972,639,1861,760,6599,77,146,153,128,64,105,51,124,732,1322,1567,368,1548,620,697,590,232,261,0,1845,6541,207,185,1276,1206,2090,3091,3175,1781,575,142,81,3422,513,11227,608,113,4519,0,7819,10046,555,1049,214,0,12422
74,36822,15838,6477,237,13041,1229,860,815,715,687,934,1057,1143,1487,2072,2016,2407,2769,6890,48,39,69,30,51,64,57,104,351,898,1591,266,1626,683,931,1005,313,1037,0,3804,12385,1261,824,2847,3638,1921,1854,2236,1867,936,299,149,6172,434,15354,4121,579,6094,0,10674,11830,1631,2244,299,0,20819
75,37698,11695,25297,224,77,405,1182,896,853,855,978,1068,1196,1693,2929,2618,4279,3397,8584,54,72,94,34,41,47,76,69,335,579,333,40,274,69,82,22,42,650,0,4254,15989,2940,711,3237,3078,3122,2620,1205,176,17,15,12,4454,123,12866,3987,655,8248,0,11942,10831,1123,880,134,0,24730
76,40965,8811,31541,183,141,289,1282,907,867,893,1078,1339,1593,2424,3701,3410,4248,2495,8001,32,44,49,42,32,33,35,38,285,607,563,80,433,117,155,39,59,615,0,5469,17562,1838,590,4013,3062,3641,2384,1192,182,9,21,15,4947,1509,12896,3447,900,11167,0,12555,11712,844,358,111,0,27940
77,28252,6913,4226,712,14897,1504,327,195,180,189,224,250,251,414,539,470,814,505,4791,43,47,66,37,20,43,72,104,567,1182,1923,463,2707,1148,1758,1685,271,231,0,6740,5489,236,271,915,1134,2097,3337,3658,2345,871,281,173,1769,5675,13165,825,91,8679,0,5491,11261,743,1347,346,0,14555
78,40071,2060,36802,402,95,712,1150,897,787,806,1012,1224,1421,2302,3841,3450,5056,2748,8516,76,63,96,45,44,50,56,57,353,348,424,45,211,42,57,37,101,678,0,4080,15796,1138,621,4150,2936,3730,2960,1180,148,11,20,9,7238,132,13482,3117,925,9589,0,12958,12091,878,493,209,0,26399
79,35411,1442,33335,123,42,469,831,846,736,852,1034,1245,1422,2516,3637,3869,4570,2429,5683,18,25,25,19,22,14,11,12,158,97,112,13,77,23,13,6,85,902,0,4106,14876,2138,688,3878,3647,2518,1154,340,45,9,11,6,5905,197,10400,3827,1166,8414,0,11603,9130,931,356,68,0,24926
80,46151,36828,7999,327,468,529,1497,1334,1181,1245,1536,1607,1880,2628,3614,3728,4675,5417,7080,63,32,53,41,24,41,37,34,192,307,260,57,145,52,44,32,42,1244,0,6029,20367,7730,1566,4955,4984,1853,661,332,77,14,12,11,3369,221,13565,8229,1461,8904,0,13992,9505,2243,1409,512,0,32482
81,32164,818,30998,135,23,190,758,703,619,680,729,851,1085,1831,3207,2862,4372,2328,7535,33,45,38,26,24,20,33,39,161,274,179,48,121,34,40,13,61,473,0,2944,13062,585,322,3574,2544,3239,2202,772,106,12,16,6,5724,0,11092,2409,598,8206,0,9860,9961,813,334,107,0,20948
82,41383,1169,39743,143,53,275,1078,1097,889,1030,1251,1481,1843,3072,4745,4217,5629,2762,5777,26,25,21,24,12,19,8,14,51,56,78,12,44,12,6,6,67,1137,0,4894,19900,5558,917,4993,4040,2830,894,186,40,1,2,1,2019,0,10189,6230,1065,10367,0,13532,8697,1023,322,186,0,31154
83,24842,12205,997,76,10737,827,475,445,371,363,508,454,617,717,1260,1232,1972,2153,6009,59,81,114,73,68,118,42,133,371,786,1033,156,791,263,337,263,117,429,0,3030,8450,1915,708,1875,2395,1801,1983,1458,567,144,47,25,2768,704,9763,2398,620,4343,0,7716,6640,1319,1830,370,0,14682
84,25294,2951,4485,206,17272,380,418,359,284,363,366,388,419,588,923,748,1339,711,5313,73,70,146,91,69,127,56,119,526,1079,1833,285,1613,626,752,776,286,368,0,4179,6906,390,263,1060,1409,1996,2786,2553,1525,580,172,131,2831,2692,9867,678,295,4909,0,9545,8289,854,1084,258,0,14809
85,33367,23131,2550,161,6677,848,862,804,602,692,771,856,933,1438,1830,2048,2884,3444,7729,62,78,68,66,48,89,36,64,402,561,662,84,414,179,181,141,89,827,0,4424,12659,3746,1134,3190,3717,2128,1775,1090,304,61,29,33,3009,493,12899,4034,940,5007,0,10488,8565,1721,2147,664,0,20270
86,39177,26149,11377,243,819,589,1327,1056,924,975,1280,1275,1518,1987,2962,3150,3864,4039,7086,53,31,37,47,29,38,44,39,190,246,343,49,208,92,72,62,270,1176,0,4708,16247,4323,1107,4793,4021,1831,935,479,110,41,13,6,5182,89,11914,6194,1161,7673,0,12236,7408,2100,2125,427,0,27117
87,29653,29389,117,22,22,103,1032,841,681,790,955,902,1142,1438,2347,2529,3107,3863,4690,83,44,41,27,22,31,2,24,131,196,90,14,62,27,24,9,36,867,0,3607,13086,6119,1078,3201,2911,860,377,57,92,1,5,5,1860,0,8056,6241,728,5859,0,8769,5450,1172,1170,332,0,21528
88,40913,23046,17063,195,81,528,1281,1131,1038,1002,1153,1271,1457,2145,3210,3398,4137,4073,6914,48,32,32,33,19,32,31,51,234,222,188,20,125,40,36,26,72,1708,0,5756,17285,5178,1031,3615,3429,2007,888,358,101,5,6,5,6319,687,11700,5867,1337,9278,0,12731,8951,1140,1279,405,0,29138
89,27638,27409,64,32,12,121,777,693,632,625,840,863,1038,1255,2024,2352,2985,4055,4993,58,14,13,33,19,13,8,12,138,105,88,14,36,13,7,6,6,509,0,3414,11808,5065,1033,2879,3222,763,113,47,26,2,2,5,2675,0,7829,5308,1035,5557,0,7911,5086,1103,1502,189,0,19759
90,28576,28275,102,21,29,149,755,872,587,661,868,786,997,1316,2251,2244,2897,3825,5328,49,41,52,16,19,23,11,37,120,171,148,30,56,41,13,7,29,974,0,3351,13123,5927,925,3374,2896,961,248,73,32,5,1,0,976,33,7821,5910,816,5780,0,8248,5323,1248,1071,227,0,20707
91,30693,30425,97,7,24,140,968,849,807,715,1000,1043,1183,1588,2425,2202,3035,3972,5412,80,28,39,34,31,29,35,60,184,187,164,26,70,23,24,23,26,916,0,3514,13804,6273,1033,3635,3217,1025,284,77,36,4,5,5,1295,1,8488,4545,986,7643,0,9031,5445,1343,1597,165,0,22143
92,34699,34064,242,47,49,297,1180,872,798,790,818,929,1030,1237,2413,1812,2546,3249,9393,75,55,51,39,40,57,62,134,359,798,563,99,406,161,102,57,62,565,0,3947,14977,3282,767,2722,2970,2129,1960,759,139,8,16,2,4802,166,10640,4545,739,8136,0,10639,7832,1035,1740,227,0,23865
93,31217,30946,97,17,22,135,1007,878,799,770,960,1031,1234,1492,2373,2467,3040,4207,5743,51,25,18,14,15,24,15,19,131,174,165,27,66,29,26,11,22,667,0,3718,13978,4921,1239,3146,3384,1119,305,165,35,8,7,7,2903,0,8940,5726,923,6232,0,9397,5961,1153,1474,401,0,22230
94,24969,24536,245,11,5,172,746,549,600,511,542,631,724,862,1771,1321,2242,2816,6523,47,37,27,32,21,31,23,72,259,474,263,104,214,71,48,23,40,624,0,2721,10645,2414,603,2638,2305,1616,1134,405,65,3,7,5,3090,37,7317,3277,584,6198,0,7593,5691,728,936,118,0,17495
95,58840,58105,234,35,55,411,1741,1573,1438,1263,1596,1677,1960,2597,3960,4325,5736,8326,12266,130,45,41,38,64,47,22,54,180,345,242,46,142,55,32,30,75,1189,0,7605,23810,10200,2351,5769,6383,2101,648,209,78,5,13,12,7262,0,17557,11010,1404,11354,0,17516,11775,2687,2742,434,0,41203
96,26834,26004,471,18,22,319,859,713,729,686,837,871,964,1252,1973,2000,2702,3214,5374,91,32,30,26,23,22,18,20,139,144,131,20,52,41,12,13,43,523,0,3280,12721,4062,892,2327,2495,1045,343,111,21,2,5,1,2699,110,7026,4259,946,6616,0,7988,5042,793,1142,95,0,19763
97,28529,28034,260,24,18,193,878,795,672,646,751,870,1005,1306,2143,1872,2705,3573,6164,44,25,24,20,29,22,17,43,215,279,161,28,108,60,45,22,60,616,0,3330,13397,3771,833,2785,2739,1173,598,168,44,4,8,2,2951,54,7669,4896,830,6605,0,8528,5234,820,1472,194,0,20809
98,28971,28550,95,3,40,283,897,758,683,663,760,802,922,1245,1992,2150,2764,4026,5932,56,19,34,35,16,24,13,27,243,184,199,21,101,38,13,13,22,618,0,3703,12293,5555,983,3017,3118,1215,379,148,51,1,5,5,2011,190,8563,4894,1220,5653,0,8641,6088,1013,1071,442,0,20356
99,52212,15331,36276,169,33,403,1476,1451,1275,1338,1590,1737,2044,3340,5007,5029,6381,4841,8014,58,32,52,35,43,27,18,36,64,141,120,18,56,32,26,6,75,1471,0,6379,21875,8420,1497,5210,4922,2646,995,342,71,12,16,4,6203,0,13546,7993,1887,12165,0,16621,10888,1611,911,236,0,38566
100,44306,5664,24778,430,12655,779,1168,994,906,998,1257,1415,1633,2139,3036,2893,3814,2288,9614,135,119,194,113,76,136,71,125,625,923,1137,195,815,259,345,357,286,1173,0,5068,17100,2969,844,4088,3977,3382,3127,2280,801,204,60,64,4529,882,16054,3336,1384,9647,0,13887,12055,1328,2400,697,0,27827
101,37084,32519,3832,28,96,609,1217,1087,966,1045,1428,1378,1667,2107,2730,2943,3597,4215,5835,58,14,16,28,15,30,14,32,236,152,121,23,76,32,32,17,53,1222,0,4695,16248,3269,1404,3855,3732,1118,358,93,45,16,8,4,6933,0,11715,6420,1014,6808,0,11128,7950,1840,1559,422,0,25314
102,27039,2939,3581,282,19828,409,432,331,357,314,336,370,373,463,1044,738,2389,748,9150,73,144,253,181,128,256,77,147,639,1289,1750,263,1172,374,515,285,147,323,0,1977,5682,130,219,993,1188,2463,3945,3851,1402,320,106,56,6543,141,14361,827,236,4654,0,6962,11940,1296,1159,227,0,12418
103,41308,2067,5764,351,32661,465,893,666,565,556,587,567,657,734,1361,952,2728,1018,12459,111,166,318,220,145,325,85,300,1044,2263,2837,455,2324,812,1123,741,275,512,0,3509,9595,261,279,1006,1504,3154,5936,6538,3458,805,163,145,8351,112,21848,887,182,6364,0,12026,19422,1224,1358,377,0,18927
104,36973,33335,1732,35,412,1459,1034,891,759,808,1068,1102,1370,1783,2584,3193,3647,5034,6068,93,41,25,19,22,37,49,31,320,131,150,18,62,20,21,20,125,1116,0,5334,15540,5170,1366,3099,5143,1735,418,133,78,19,10,5,4194,63,12917,8339,741,4704,0,10274,9208,1482,1991,332,0,23961
105,39572,10022,12559,400,16200,391,1028,1071,883,943,1132,1135,1395,1852,2302,2153,3093,1872,6731,73,110,180,129,79,147,44,120,653,1396,1597,214,1474,476,715,565,180,1353,0,4476,14268,1998,868,2921,3693,2124,2838,3121,1922,684,171,91,4251,622,17542,2624,245,6853,0,12308,14564,1564,1382,433,0,21629
106,64512,42037,20750,184,83,1458,1964,1926,1686,1662,2011,2227,2471,3604,5108,5425,6591,7006,10330,111,45,38,37,46,42,109,43,252,372,250,37,115,56,34,29,80,2163,0,8640,31140,12355,2183,5933,5677,2326,864,218,89,9,13,20,3685,0,15988,13027,1462,12966,0,21069,11148,2159,2108,649,0,48447
107,43297,11165,3423,1255,26810,644,959,731,525,510,508,512,567,539,1009,782,2196,1254,12840,164,189,339,242,148,273,200,347,1736,2271,3711,433,2516,840,931,712,416,553,0,4348,12217,358,362,1163,1998,3789,5932,6693,3400,821,176,152,5808,428,22887,1472,284,6457,0,12196,19266,1607,2117,499,0,19807
108,53537,51140,1941,48,28,380,1710,1735,1363,1304,1508,1635,1810,2443,3720,4088,5234,7007,9976,126,34,51,45,26,55,26,67,118,295,280,45,131,62,44,38,51,1085,0,7427,24227,9601,1712,4918,5439,2168,876,243,90,4,17,6,4167,72,15867,10301,1549,9060,0,16760,11582,2267,1770,303,0,37616
109,40332,10019,29340,156,420,397,1171,1021,1040,1113,1411,1456,1946,2600,3840,3472,4635,2948,6393,33,12,26,24,22,27,27,35,328,248,205,45,121,49,44,29,109,1050,0,4853,15791,3401,890,4674,4586,2521,1215,458,134,18,15,7,6358,263,12953,4635,780,8601,0,13363,9343,1923,1246,556,0,27264
110,27794,1622,25326,361,109,376,779,551,545,604,735,977,906,1790,2863,2373,3328,1758,5129,26,57,92,31,39,32,48,35,644,336,362,60,238,65,98,46,79,477,0,2691,10357,660,458,3109,2213,2197,1494,874,196,36,24,5,5888,285,10507,2452,548,5377,0,8911,9452,995,373,106,0,16869
111,37494,16296,17031,143,2946,1078,1034,905,835,855,1105,1124,1486,1882,2889,2525,4200,3355,7902,65,54,53,32,37,39,45,80,305,389,322,47,183,54,75,42,51,1281,0,4243,15383,1803,1120,3690,3401,2394,1656,952,166,19,16,5,6696,195,13267,4274,1169,7532,0,11252,10535,1536,977,382,0,24066
