OBJECTID,OFC_SBRB_NAME,ShapeSTArea,ShapeSTLength
1,HYDE PARK,73482.9847259521,1248.30947612151
2,SPRINGFIELD,563248.376869202,4122.21604556907
3,NIEUW MAASTRECHT-2,577520.416778564,3125.3647526434
4,CHARLESVILLE,290334.012954712,2303.99968299112
5,WILDWOOD,134618.520446777,1629.4557914932
6,MALIBU VILLAGE,1199191.83058167,5034.20048237448
7,TUSCANY GLEN,754172.854606628,4384.76376310426
8,VICTORIA MXENGE,1188577.0250473,4467.46254020375
9,ELECTRIC CITY,689731.242019653,4120.08042321625
10,KHAYELITSHA,1034364.74655914,4761.29185291018
11,CASTLE ROCK,435784.997665405,4050.13388210903
12,MANSFIELD INDUSTRIA,80801.9342575073,1150.25823500475
13,SUN VALLEY,752145.827209473,3721.47438178675
14,DANARAND,57917.6714172363,1015.18339947296
15,BENNO PARK,41719.2714385986,901.494820510741
16,KLOOFZICHT,31594.1887741089,748.488517614258
17,EENSGEVONDEN,69021.4596862793,1204.23169971108
18,OAKDENE,331348.507369995,2553.07792929702
19,THORNTON,2120513.69491577,6502.17989724728
20,BELHAR EXT 15,50067.0503463745,989.404735370886
21,MONTANA EXTENSION,93740.7456970215,1542.5938671889
22,HIGHVELD,76400.4793128967,1188.2863489264
23,HEEMSTEDE,29935.0918273926,822.865565170813
24,SHIRLEY PARK,100654.131507874,1321.71143575051
25,BRACKENFELL COMMON,96337.1566619873,2032.41628756577
26,JOUBERTPARK,66459.4410858154,1144.55521821294
27,GROENVALLEI,381153.376670837,4012.43833430102
28,SONKRING,465929.936172485,3188.46615973571
29,SAXONWOOD,2569504.61352539,8465.49915626919
30,PROTEA PARK - WESFLEUR,1385634.51504517,5031.16121892959
31,TRE DONNE,406595.407365799,3235.72563936454
32,DE OUDE SPRUIT,439562.726913452,3159.25079479438
33,PAROW GOLF COURSE,898487.020721436,4314.8397702354
34,WELCOME ESTATE,450561.181838989,3245.56614943202
35,VANGUARD ESTATE,533184.709442139,3148.29267765591
36,SUNBIRD PARK,392593.602249146,2600.06291576622
37,THE CONIFERS,750205.144760132,3677.45757062013
38,WINGFIELD,2243161.57225037,6181.77490410197
39,WINDERMERE,1176095.88818359,4488.6665794921
40,BO-KAAP,905616.010162354,4182.21510921242
41,HELDERBERG PARK,83431.8508911133,1252.44070007397
42,GREENFIELDS,362058.011245728,2809.18508687441
43,SPRINGBOKPARK,191693.077026367,1804.88820545556
44,DELFT 3,293403.434555054,2234.26722294782
45,SILVERTOWN - KHAYELITSHA,262486.127700806,2563.02697189665
46,EERSTERIVIER,3087516.10282135,8349.243661428
47,GOOD HOPE,635515.336639404,5812.97504085034
48,ENDLOVINI,2065531.49147034,5969.30178750608
49,ENKANINI,1492572.45915222,5809.90380533521
50,PHILIPPI PARK,196923.515472412,1893.55173627652
51,KUILSRIVIER INDUSTRIA,1089242.03213501,5881.32263246904
52,FERNDALE,465545.905601501,2806.37789944905
53,GOODRAIL,87815.9016418457,1240.83875967497
54,DE DUIN,298724.873199463,2361.00073116998
55,ELSIES RIVER INDUSTRIA,974038.167480469,4036.0891063739
56,WESTGATE,804923.250640869,4526.72395963788
57,KRAAIFONTEIN EAST,496348.495315552,3007.75072606243
58,TURTLE CREEK,114878.377731323,1368.96169548784
59,ZEVENWACHT MALL,212253.486709595,2388.39151052536
60,KAAPSIG,97596.8689804077,1286.06643714972
61,LANGA,2956184.87280273,7347.93445703856
62,SUN CITY,172075.04382515,1737.42516792779
63,SOMERSET FOREST,81751.4319763184,1328.99591870695
64,HAPPY VALLEY,270179.021469116,2110.88896880749
65,SILVEROAKS,461208.754188538,2892.29704302201
66,THE LINK,180207.422355652,2220.15633423353
67,PETROSA TANK FARM,1036991.49621582,4787.78172575465
68,ZEVENZICHT,130255.209274292,1643.82049493993
69,KUILS RIVER SPORTS GROUNDS,249299.562736511,2992.14080093768
70,WESTRIDGE - SOMERSET WEST,685603.233844757,3882.70911979877
71,TYGERBERG HOSPITAL,990629.187774658,4346.24203154171
72,STRANDVALE,265703.802780151,2670.90965889287
73,BROADLANDS VILLAGE,305277.92111969,2655.61642462978
74,GOLDEN HILL EXT 1,404382.249061584,2787.75512045492
75,DURMONTE,339513.795799255,3470.23833801967
76,WELGEVONDEN,202022.45589447,2005.16985459791
77,FAIRVIEW GOLF ESTATE,661389.277584076,3559.83541480696
78,BELGRAVIA -BELLVILLE,247337.26713562,2311.92952868275
79,MOUILLE POINT,285619.650421143,5709.17464468845
80,SHERWOOD,1287235.81445312,4657.30600308853
81,BEACON HILL,1583111.08306885,5455.20931831411
82,AVONDALE - WESFLEUR,2185683.40283203,6630.0268967755
83,ROBINVALE,1248170.53288269,4762.66380895199
84,DUNROBIN,17814.1630477905,600.561954839043
85,MONTANA,565553.645324707,3494.13353172278
86,MONTEVIDEO,245141.551269531,2260.07092208534
87,TAMBOERSKLOOF,1006865.48451233,4534.67115454845
88,VREDELUST KUILS RIVER,139199.630325317,1545.46242411546
89,SAXONSEA,2049109.96258545,6638.42126698972
90,KLIPHEUWEL HOUSING SCHEME,107838.258529663,2007.06447377456
91,MIKPUNT,889678.09854126,5353.85776944632
92,VIERLANDEN,1482627.93541718,7077.21078362948
93,RUITERSHOOGTE,289890.553489685,2779.12507900106
94,NERINA,271063.36492157,2273.23750451922
95,PROTEAVILLE,132240.931411743,1520.07479245055
96,WELLWAY PARK EAST,520918.73059082,3672.43448081767
97,WAIROA,54322.1888122559,959.925726544134
98,MORNINGSTAR,189347.041023254,2007.16917097398
99,D'URBANVALE,1081348.68841553,4376.7424136102
100,BRENTWOOD PARK - DURBANVILLE,58673.2278442383,1034.52453990522
101,THE CREST,471264.659942627,3010.92344296499
102,WELLWAY PARK,97710.2321166992,1280.92255817857
103,GOEDEMOED,557572.477592468,3643.56901254679
104,ROSEDALE - DURBANVILLE,87442.1230773926,1296.68697671693
105,BONNIE BRAE,693482.101158142,3683.45993403409
106,GOLIATH ESTATE,112201.357391357,1360.75398934526
107,GRAANENDAL,565150.180435181,3250.01382458096
108,VIKING VILLAGE,271870.736618042,2360.04032211584
109,RICHMOND PARK,1068873.38995361,4393.25211640534
110,VAN RIEBEECKSHOF,1120133.07665253,4838.45475338725
111,EVERGLEN,294332.697662354,2879.69131862235
112,BETHANIE,217125.272399902,1825.62807135691
113,KLEINBOSCH,288906.421768188,2429.08335101787
114,CHANTECLER,221056.597351074,2145.41230292406
115,DOOR DE KRAAL,977778.655761719,4533.22497851962
116,TYGERVALLEY WATERFRONT,627049.128219604,4419.7921778592
117,MONTE VISTA,1681209.94038391,5965.15467097488
118,KAAPZICHT,328240.315765381,2663.66188540709
119,SONNENDAL,223957.714050293,1884.19982653899
120,NORTHGATE,225082.404922485,2521.49086214771
121,PAROW NORTH,1636783.60243225,6820.8943591593
122,BELVEDERE TYGERBERG,43848.9574279785,957.600150250089
123,BELLAIR,411836.669967651,3212.99073412589
124,EDGEMEAD,4032720.35816956,9087.20830735635
125,DOOR DE KRAAL FARM,479022.647003174,3242.03655837435
126,PEERLESS PARK NORTH,634969.661743164,3744.90763691022
127,PEERLESS PARK EAST,696809.374038696,3506.77236723933
128,PEERLESS PARK WEST,396096.31187439,2491.55724488763
129,SCOTTSVILLE,1160525.97369385,4739.01780664504
130,KLEINBEGIN,102252.686439514,2346.49985627555
131,EIKENDAL,866819.197425842,4114.26264094657
132,VREDEKLOOF HEIGHTS,153416.630310059,1675.05797260148
133,VREDEKLOOF EAST,788722.731483459,4266.12676374855
134,OKAVANGO PARK,433436.525863647,3368.32223624573
135,SUMMERVILLE,59108.8962173462,1008.4717791361
136,MORGENSTER,585727.577163696,3607.71207321948
137,EDENPARK,332496.328979492,2605.16672217314
138,ARAUNA,264477.256271362,2428.64922821823
139,ST MICHAELS,220516.543083191,1928.10204472855
140,BRACKEN HEIGHTS,455781.63129425,2750.18579108729
141,BRACKENFELL CENTRAL,779416.910125732,5881.02154118516
142,PROTEA VILLAGE,369765.271316528,2489.02307547831
143,NORMANDIE ESTATE,150392.906944275,1677.75871896131
144,FRESNAYE,725696.431564331,3936.89595660908
145,DE TIJGER,576199.917617798,3253.57586613763
146,CLAMHALL,291438.610870361,2241.98185542023
147,GLENWOOD,260360.816314697,2068.37999309121
148,FAIRFIELD ESTATE,675216.345275879,3569.08912997826
149,CHURCHILL ESTATE,879026.987380981,4419.55523699151
150,GOODWOOD  EXT 1,553790.749694824,3302.98224007301
151,GLENLILY,983633.645370483,4570.54481667288
152,RICHMOND,120629.349349976,1581.40599859769
153,KLIPKOP,921473.04019928,4127.19196936554
154,PAROW VALLEY,1087337.83676147,4339.64327110374
155,WP SHOWGROUNDS,677492.737686157,3323.00980756369
156,WP PARK,314316.079452515,2320.39855409994
157,CONNAUGHT,532352.196670532,3004.43383136347
158,BALVENIE,486631.625259399,2853.92982052894
159,HAZENDAL,715919.871932983,3728.77011175412
160,SYBRAND PARK,446900.23135376,3203.25687237865
161,KALKSTEENFONTEIN,437564.548858643,4233.4874686999
162,EUREKA ESTATE,519721.300094604,2941.93993610013
163,VALHALLA PARK,824853.59564209,3722.51928741668
164,NOOITGEDACHT,377066.858642578,2995.61782440507
165,SANLAMHOF,184021.475914001,1791.7890466025
166,LOUMAR,119623.456184387,1634.7763416665
167,MEYERHOF,76674.1811599731,1241.22946613377
168,TRIANGLE FARM,761550.460960388,4803.07381286746
169,GLENHAVEN,548847.444740295,3408.16973043805
170,VOGELVLEI,442094.939720154,4188.93270280487
171,BELLVILLE SOUTH INDUSTRIA,852619.387611389,5851.20779218107
172,VOELVLEI,268615.441673279,2206.00931074902
173,BOSONIA,204046.49520874,1878.23172698625
174,KLEIN ZEVENWACHT,309170.190208435,3001.1526458455
175,CPUT,1021872.26296997,5435.07306493867
176,MIKRO PARK,188906.876495361,2833.3918018948
177,LETRU,33526.8082122803,820.950952174736
178,KLIPDAM,308202.464813232,2513.46137623428
179,ZEVENWACHT RETIREMENT VILLAGE,160454.810874939,1605.90451761189
180,DES HAMPDEN,325257.000312805,2889.51006624135
181,BELLVILLE LANDFILL,924281.197418213,5013.8458881654
182,BOTTELARY SMALLHOLDINGS 1,1642180.92242432,7178.5119067005
183,SIRROCCO'S,69904.5732040405,1392.68843008107
184,BELHAR EXT 17,761021.252052307,4157.21363725301
185,BELHAR EXT 20,220230.226699829,2046.23247970165
186,BELHAR EXT 19,264592.729431152,2143.50690357901
187,BELHAR EXT 13,327446.892623901,2933.57937891861
188,BELHAR EXT 10,226565.135910034,2349.39689040069
189,BELHAR EXT 11,86020.106300354,1240.44669889997
190,BELHAR EXT 9,85261.9414825439,1409.5660546296
191,BELHAR EXT 14,155566.909301758,2922.0839027537
192,BELHAR EXT 16,396703.518722534,3692.58635970966
193,BELHAR EXT 12,162255.868026733,1854.04262444357
194,BELHAR EXT 23,602359.534950256,3191.90166750669
195,BELHAR EXT 8,712553.400772095,3597.83029043254
196,BELHAR EXT 7,441851.80254364,3507.88435155901
197,BELHAR EXT 6,485724.452041626,3469.29064587781
198,BELHAR EXT 2,509111.551231384,4425.93036210103
199,BELHAR EXT 3,441106.579528809,4019.54062206067
200,BELHAR EXT 4,530060.897224426,3110.18940321315
201,BELHAR EXT 5,176866.221046448,2562.02524873894
202,BELHAR EXT 1,311444.639984131,2478.22477826276
203,UITSIG,914980.518264771,3902.31209323455
204,ZEVENWACHT FARM VILLAGE,218622.554176331,2052.36103907094
205,LOUCHARMANTE,99382.7490234375,1451.28098216815
206,EIKENBOSCH KUILS RIVER,375442.036697388,2861.79640272234
207,JAGTERSHOF,196868.111763,2010.95862634224
208,BELLVILLE TEACHERS COLLEGE,263599.219039917,2029.33538346427
209,LILLYDALE,20320.1121444702,611.011380315049
210,WEMBLEY PARK,59629.5425415039,1043.37371077284
211,KING DAVID COUNTRY CLUB,849908.185775757,3990.20574605068
212,DELFT 1 & 2,700118.512931824,3863.82840923508
213,DELFT 4,309200.392036438,2705.78184481566
214,DELFT 5,293131.776405334,2329.06329662645
215,THE HAGUE,1205438.59429169,5230.31454336583
216,OUDEKRAAL,10286644.9336548,16748.982644032
217,PENLYN ESTATE,477745.205886841,4007.15320686837
218,HATTON,244354.104370117,2148.78420898277
219,MOUNTVIEW,479594.875076294,3432.10899952613
220,NEWFIELDS,1472993.15962219,5663.52372899075
221,BOQUINAR INDUSTRIAL AREA,1993529.9861908,8516.71846443579
222,AIRPORT CITY,865711.272262573,4699.48439749022
223,WESBANK,1448960.92022705,7274.51395004274
224,DELFT 6,327590.242202759,2733.78575002498
225,VOORBRUG,1205259.39598846,4258.97239177818
226,DELFT 8,280731.989654541,2851.45723034723
227,EINDHOVEN,574488.382896423,3462.54404717675
228,DELFT 7,348433.016044617,2386.08997332164
229,DELFT 9,497493.638404846,3371.80878693785
230,AIRPORT,92890.7487945557,1585.43838040201
231,PARKWOOD,1251710.00860596,5656.71431845985
232,LAVENDER HILL,1167591.00891113,5016.53952865908
233,BEACON VALLEY,1888699.70723724,5400.65203518011
234,PORTLAND,2470820.33826447,6889.38844021134
235,WESTRIDGE - MITCHELLS PLAIN,2389237.47719574,6468.10612276349
236,MITCHELLS PLAIN CBD,710872.983955383,4443.35394688706
237,NEW WOODLANDS,808052.706726074,3653.11464862979
238,HIGHLANDS VILLAGE,116630.598052979,1788.80464086438
239,RONDEVLEI PARK,408540.706741333,2814.77331414026
240,COLORADO PARK,1361494.79351807,5813.73889142914
241,WESTLAKE,2948092.59768677,8153.54087670551
242,VRYGROND,533708.072463989,2951.47143835903
243,ROTTERDAM,1372991.21140289,6714.23767844524
244,GAYLEE,501582.462203979,2942.19477401422
245,AUSTINVILLE,292557.446266174,2191.58274333917
246,FOUNTAIN VILLAGE,883442.476287842,4353.0851983043
247,ROSEDALE - KLEIN VLEI,1437592.10910797,5766.64470098963
248,HILLCREST HEIGHTS,1277817.79087067,4651.58727245137
249,FOREST HEIGHTS,1271880.47111511,4746.7954507175
250,DE WIJNLANDEN ESTATE,544637.432655334,4696.60708204544
251,EERSTERIVIER SOUTH,2149195.91785431,6363.7779296625
252,BARNET MOLOKWANA CORNER,382585.21697998,3455.37013035182
253,DREAMWORLD,2144236.29350281,6683.47911555905
254,KUYASA,1264079.04502106,4783.58592633798
255,HELDERBERG ESTATE,652054.290241241,4057.25140642034
256,BRAEVIEW,32637.2287101746,853.998467566566
257,JONKERS HOOGTE,104013.090156555,1564.52639243816
258,BEL'AIRE,333726.54838562,2332.56251056055
259,MONTE SERENO,133152.285400391,1761.15467240035
260,PEARL RISE,228900.213493347,2313.47952418347
261,NUTWOOD,85004.5017700195,1309.26511418801
262,MONTCHERE,69545.2424545288,1185.80810714872
263,PEARL MARINA,179195.663078308,2006.4970630293
264,WORLD'S VIEW - SOMERSET WEST,243370.382587433,2193.19852186615
265,SOMERSET RIDGE,483833.292881012,2848.93919591392
266,SCHONENBERG,846634.799114227,4365.39731911645
267,SEA BREEZE PARK,47354.1956291199,971.063071325013
268,PROTEA PARK - GORDON'S BAY,89785.6092605591,1309.63479432423
269,MOUNTAINSIDE EXT 2,152118.946987152,1907.83143291179
270,GEORGE PARK,178072.537258148,2175.7320232771
271,ONVERWACHT - THE STRAND,802213.470458984,4478.19295035929
272,HIGH RIDING,991006.756071091,4613.318744372
273,SIR LOWRY'S PASS VILLAGE CENTRE,58802.8903179169,1076.65642046952
274,MORNINGSIDE,106295.389247894,1480.64663829226
275,PAARDE VLEI,187187.028873444,2232.50689622944
276,HUMANSHOF,107991.155460358,1486.97149784717
277,GOEDE HOOP,44668.3099021912,843.137000010288
278,KALAMUNDA,36539.4436607361,849.736872987702
279,BRIDGEBANK,101743.838741302,1321.4033314435
280,CARWICK,44577.0439224243,975.7768451017
281,LONGDOWN ESTATE,67809.9327583313,1163.49887256359
282,BRIDGEWATER,65728.6843223572,1307.91885652906
283,BENE TOWNSHIP,82728.9712867737,1298.23398271533
284,SILVERTAS,41875.3780937195,867.215926704648
285,CHRIS NISSEN PARK,57827.5195121765,977.264519457021
286,MISTY CLIFFS,75024.1444244385,1753.95348275346
287,SMITSWINKELBAAI,348374.469299316,2504.55519178871
288,HUNTERS CREEK,205770.21736908,2604.29222927899
289,BELTHORN ESTATE,983998.461547852,4441.06675050196
290,WELMOED ESTATE,1933557.96720886,6638.80801430259
291,SAXENBURG PARK 2,189554.054649353,2204.21800486459
292,JOOSTENBERGVLAKTE SMALLHOLDINGS,2352159.77481079,6370.29631417702
293,KRAAIFONTEIN INDUSTRIA,626898.077911377,3418.94199380417
294,GORDON HEIGHTS,156129.412662506,1838.47310364807
295,BRACKENFELL INDUSTRIA,857133.390167236,5549.96932073642
296,GOEDEHOOP,326756.452732086,2433.01136906493
297,STRAND GOLF CLUB,739097.264133453,4197.89784669827
298,DE VELDE,203968.767528534,1957.6361081399
299,VICTORIA PARK,265260.757263184,2218.78383771744
300,LOURENSIA PARK,107678.989807129,1419.50964961275
301,HEARTLAND BEACH ROAD PRECINCT,154265.131168365,2198.02356350353
302,HEARTLAND HISTORIC PRECINCT,239596.067955017,2543.07733547368
303,MALL INTERCHANGE,507957.384792328,4247.83270648954
304,JACQUES HILL,109742.799098969,1495.18982948078
305,DORHILL,288904.889064789,2706.70713748244
306,BERBAGO,24524.4969902039,747.248652343294
307,ROUNDHAY,247983.713523865,2491.77301284488
308,SPANISH FARM,373837.40965271,2851.01572910027
309,SILWERBOOMKLOOF,239151.62493515,2602.08657129319
310,PARELVALLEI KLEINHOEWES,430682.422569275,2887.10690246032
311,HELDERRANT,341731.280296326,2650.00230511278
312,LA SANDRA,347293.466957092,3080.43445752247
313,BRIZA,938931.821395874,6651.73760194459
314,DIE WINGERD,811328.965568542,4280.42492790774
315,VREDENZICHT,28690.6731262207,717.665633883709
316,RIVERSIDE,337285.65423584,2626.05364953472
317,CHRIS HANI PARK,44272.5327987671,846.173693208539
318,ROME GLEN,390571.572818756,2526.96864404306
319,DEEPFREEZE,97605.7190093994,1340.08142400984
320,BRANDWACHT,20259.724395752,590.873814401971
321,MACASSAR BEACH,633867.45489502,3775.72507085532
322,SANDVLEI,1560347.8552475,6823.5581684612
323,LAGOON BEACH,123182.071655273,2639.70344136471
324,PHOENIX,269198.770965576,2677.54403586675
325,MILNERTON RIDGE,489746.280410767,4407.46134830142
326,BLOUBERG SANDS,851591.17906189,4311.93033789393
327,BROADLANDS PARK,287027.931217194,2214.04536858969
328,WEST RIDING,403135.720870972,3223.6619186126
329,PEACOCK CLOSE,82531.2446136475,1421.3380027415
330,ILLAIRE,140198.369327545,1897.09297305332
331,METRO,205962.351409912,2765.36142478627
332,VREDENBERG - SOMERSET WEST,49580.7464675903,916.006660983787
333,ROYAL ASCOT,813264.942199707,5328.51112197638
334,BRENTWOOD PARK - BLUE DOWNS,965095.030410767,4549.42308622979
335,BELRAIL,145912.494010925,1989.48385278438
336,SAXON INDUSTRIAL,586977.83506012,4583.83546490071
337,ELIM,788952.843971252,5027.21432791223
338,AMANDELSIG,407538.688713074,3763.55036237079
339,CAMELOT,419634.560150146,3309.47549876437
340,HARARE,1704979.76665497,5929.11610036242
341,ROSEBANK,1108120.94747925,5590.16035572376
342,HEATHFIELD,982868.813095093,4453.10206890004
343,BELGRAVIA,1624615.13496399,6031.46078844937
344,RYLANDS,864062.996932983,4464.10098496853
345,GATESVILLE,976406.960784912,4998.18517023162
346,LAND EN ZEEZICHT,912902.404117584,4120.33344311992
347,EVERITE INDUSTRIA,1720251.44704437,7362.82888929972
348,ELFINDALE,1620594.64871216,5663.63539290674
349,BUH-REIN ESTATE,889223.181686401,4144.43395823479
350,AUDAS ESTATE,443937.02431488,3168.20854300273
351,HELDERZICHT,89929.9309196472,1325.2817408374
352,CAREY PARK,139446.596385956,1862.6278109793
353,GARDEN VILLAGE,79260.0303573608,1253.87013967032
354,MALL TRIANGLE,1017703.53767395,4866.66547181975
355,SOMERSET WEST COUNTRY CLUB,680522.754062653,5559.90137584007
356,MALL MOTOR CITY,727209.267875671,6019.46002360201
357,RICHWOOD,751476.334625244,3711.65418043782
358,HAGLEY,1727780.27570343,10475.7924942852
359,WIMBLEDON ESTATE,912096.258964539,4377.4915098369
360,BURGUNDY ESTATE,1607557.79153442,5670.99311716422
361,PHILADELPHIA,242626.047225952,3238.02555453726
362,WYNLAND INDUSTRIAL PARK,949186.712463379,4466.87709076236
363,OLIVE GROVE,151829.030643463,1757.04156027366
364,VYGEBOOM,438091.427146912,3483.78822917285
365,ZEVENDAL,235175.63520813,2159.11570247795
366,ZEVENWACHT COUNTRY ESTATE,131100.890518188,1516.22746364569
367,STELLENBOSCH FARMS (KUILSRIVIER),8575071.38562775,19316.3855642047
368,RUSTDAL,482444.152122498,3430.62084803933
369,SAXENBURG PARK 1,587589.252540588,3013.20206327804
370,AVALON ESTATE,214588.818458557,2312.81409130737
371,PINEHURST,2770934.63822174,8782.01896456192
372,SONEIKE II,683890.773361206,3559.30609811549
373,ROUXVILLE,622906.514419556,3784.78652272428
374,JAN KRIEL,311303.658569336,2392.7577720639
375,AMANDELRUG,514365.362686157,3413.54742506858
376,BRANDWAG,189722.996803284,2214.38252010614
377,HINDLE PARK,68314.671546936,1073.7009738267
378,DELRO VILLAGE,55192.5753326416,980.031055853673
379,WITSAND,675409.251342773,3890.44172887369
380,ROBBEN ISLAND,5181880.87747192,11541.0421253192
381,MAMRE,1911502.0821228,7606.1852205551
382,KUILSRIVIER GOLF COURSE,594884.715377808,3524.75831975851
383,HAASENDAL,1270564.72305298,4996.70501529158
384,ANNANDALE,1120537.42803192,5373.86223142733
385,FISANTEKRAAL INDUSTRIAL,1349814.42433929,4827.45625902976
386,KEWTOWN,1947597.14074707,6528.74688030999
387,BRIDGETOWN,1941951.33233643,6928.87594275259
388,SILVERTOWN,1259584.07589722,5600.62216658094
389,MARINDA PARK,168525.306846619,1797.77892249781
390,MABILLE PARK,386901.952400208,2586.05269546745
391,LLANDUDNO,648321.428314209,4002.81625195069
392,FLORIDA,563922.507522583,3507.69087243614
393,CRAVENBY,607535.537857056,3592.94883441239
394,MARVINPARK,132702.601776123,1492.62728252561
395,NEW SCHEME,190763.807510376,1915.70865445304
396,PAROW EAST,838290.940963745,4726.90298703548
397,RUGBY,1053987.27224731,4274.10190147655
398,PLATTEKLOOF 2,1221244.33479309,4827.41379038315
399,NOMZAMO,1040894.84144592,4270.22512311923
400,ONVERWACHT VILLAGE,468964.712528229,3363.94618881676
401,ASLA PARK,159040.429779053,1852.80746059547
402,FERNWOOD,362557.124290466,2743.58570677379
403,LANGEBERG VILLAGE,84971.3750915527,1277.66495402174
404,DURBANVILLE MEADOWS,165922.460533142,1829.24035864006
405,PELLA,1401625.37922668,6452.82074584016
406,WALLACEDENE,2852319.79840851,9335.81909656256
407,KUILS RIVER COMMON,192192.689559937,2048.53547230794
408,BOTHASIG,4026856.65107727,8564.09492894447
409,SONNEKUIL,418417.983642578,3615.70150958257
410,SONEIKE I,434983.446655273,3238.83228231797
411,BRANTWOOD,410372.847442627,3820.22705757374
412,STUART'S HILL,206020.552368164,2342.30725822432
413,NOORDHOEK,16219561.4737244,17552.5021296753
414,SAND INDUSTRIA,1206766.89044189,4543.82659914184
415,GOODWOOD ESTATE,1114629.03240967,6295.06046704846
416,RUWARI,283285.015800476,2255.42421349207
417,BOSKLOOF,509730.563293457,2780.6395110077
418,HEIDEVELD,1828621.92495728,5746.1514582981
419,MANENBERG,3309139.2052002,8566.12604325194
420,PARKLANDS,6341614.22355652,14334.9541488476
421,SANDOWN,1891929.46043396,7530.13659208072
422,RIVERGATE,3204119.48683167,11186.3658127349
423,DE LA HAYE,758010.929618835,3580.34193840421
424,STIKLAND,60044.3688354492,1352.81966336351
425,PINELANDS,6007747.05267334,12941.5927626695
426,CAPE TOWN AIRPORT,14765123.8540878,17114.4126151516
427,SILVERSANDS,1188262.76947784,5984.99786944496
428,HIGHGATE,678252.165153503,3894.07779197938
429,LWANDLE,911834.998443604,3923.66678308842
430,PANORAMA,929380.246383667,4526.64093830037
431,SURREY ESTATE,1315706.85015869,4930.70814535604
432,SIMON'S TOWN,13526406.1480865,30918.1206854796
433,WELMOED CEMETERY,1203773.47771454,4588.77147209329
434,PENHILL,719461.911643982,3757.06033619065
435,EERSTERIVIER INDUSTRIA,2155672.58796692,10610.0957566331
436,JOE SLOVO PARK,225809.528411865,2335.73063026892
437,VREDEHOEK,1419971.05596924,6445.71478777561
438,SUNSET BEACH,1080070.78378296,7821.26457927351
439,BONNIE BROOK,376253.281402588,2992.84491542536
440,ZOO PARK,337907.305252075,2360.34169116999
441,WINDSOR PARK ESTATE,1264482.82701111,4739.57681529708
442,WINDSOR ESTATE,1338208.07839966,5489.44690254863
443,WELTEVREDEN VALLEY,2561973.1015625,12527.7484568591
444,SCARBOROUGH,549702.278457642,3436.321212325
445,FLAMINGO VLEI,862471.504440308,4816.01716804393
446,STELLENDALE,457470.118591309,2902.15633403146
447,RUYTERWACHT,1678158.85777283,5463.09630742366
448,SEAWINDS,950307.171173096,4128.76786232421
449,ZEEKOEVLEI,1324150.08634949,10566.5309500309
450,O'KENNEDYVILLE,83172.3182373047,1232.44193239505
451,NATURES VALLEY,48993.6262588501,1137.46277230263
452,BONTEHEUWEL,3610932.72892761,7554.17835856008
453,HELENA HEIGHTS,713514.396884918,5538.33561100383
454,FRAAIGELEGEN,101328.271316528,1517.02090671864
455,STEENBRAS VIEW,189866.787200928,2316.07247029736
456,OCEAN VIEW,1696278.49699402,5505.66112499745
457,GLENCAIRN,6637217.39866638,12420.6935201474
458,GREEN POINT,2034642.69062805,7661.25561249238
459,STEENBERG,3020721.32174683,9110.52127485851
460,MAITLAND GARDEN VILLAGE,539598.272659302,3020.75308956857
461,TABLE MOUNTAIN,32059131.5703888,40144.5309405399
462,DEACONVILLE,144912.132591248,1479.96561561117
463,SMARTIE TOWN,21294.2742767334,628.977068496774
464,MACASSAR VILLAGE,370862.792488098,2909.60196677892
465,BELL GLEN,237855.293045044,2449.12913200899
466,NEW MACASSAR,159891.726539612,2267.92492654358
467,KRAAIFONTEIN,4790654.48335266,13340.8020398834
468,FISANTEKRAAL,536357.564476013,3497.10238262515
469,UITZICHT,1344812.48033905,5708.67617618852
470,NORTHPINE,1536371.45349121,5129.77360924383
471,BLACKHEATH INDUSTRIA,2782862.98516083,8153.12437452463
472,HOOGSTEDE,373682.631408691,5439.53174745501
473,DURBANVILLE HILLS,602379.937065125,3656.31446139234
474,SANDDRIFT,787258.222122192,4975.25020727651
475,SUMMER GREENS,835056.431304932,4608.57520484072
476,SIGNAL HILL / LIONS HEAD,4308542.8182373,16234.8719593176
477,CLIFTON,541742.971557617,5999.70363185036
478,TAFELSIG,4423130.91693115,9941.68788722809
479,BELHAR EXT 21,445223.221992493,2851.90956284878
480,MATROOSFONTEIN,690219.5078125,3446.30576564294
481,CLARKES ESTATE,385365.674560547,2533.94981247533
482,MODDERDAM,510237.667541504,2939.92974789896
483,BISHOP LAVIS,2683292.56193542,7501.95433273878
484,ADRIAANSE,432164.264724731,2887.83021361317
485,NONQUBELA,1360612.51961517,5390.23086906116
486,SABATA DALINDYEBO SQUARE,367400.977378845,3462.79018381598
487,EYETHU,1277714.03779602,4661.90898499328
488,SCOTTSDENE,2505587.32318115,7702.70304127896
489,PAREL VALLEI,1117837.95714188,4860.56437050722
490,SUNNINGDALE,2922440.80895996,8560.06810353635
491,BLUE DOWNS CBD,1194444.22162628,4671.10733276638
492,JACARANDAS,801910.427963257,4822.58909063351
493,GUGULETU,6121773.82566833,13487.5810211822
494,LAKESIDE,1550101.55812073,7369.78176761755
495,SOMERSET WEST BUSINESS PARK,241754.720546722,2466.03530247526
496,CROYDON VINEYARD ESTATE,430481.013679504,2825.26888366662
497,CROYDON OLIVE ESTATE,362116.47038269,2754.22603584677
498,MONTAGUE GARDENS,3414297.73052979,8068.05140748882
499,MARCONI BEAM,1899499.09135437,12097.6780304628
500,KALKFONTEIN,770825.393516541,3986.16230379523
501,BELHAR EXT 22,393157.387886047,3544.8250646479
502,OOSTERZEE-BELLVILLE,1006137.74393463,4573.17338115244
503,TRANSNET MARSHALLING YARD,3644844.88420105,13817.3049265
504,PLATTEKLOOF 1,905344.080032349,4454.86095804501
505,AVONDALE - PAROW,812319.346763611,4985.88386502915
506,VREDELUST BELLVILLE,466221.220146179,3463.43561589958
507,BOSBELL,76206.1891098022,1085.44545134599
508,KENRIDGE,1704367.56455994,6562.30167328447
509,EVERSDAL ,1875620.0012207,11118.2895961416
510,PROTEA VALLEY,1032963.90813446,4478.06735213125
511,ROSENDAL,433784.687072754,3801.21744767899
512,WELGEMOED,2541111.85785675,7365.43740835005
513,TYGERVALLEY,764820.30859375,4826.29483604878
514,RIDGEWORTH,717974.06703949,3853.91898033235
515,STELLENRIDGE,495006.203460693,2907.81428973763
516,STELLENBOSCH UNIV,980027.345809937,4812.13622099235
517,VREDENBERG - BELLVILLE,673638.181480408,3338.00822944673
518,LA ROCHELLE,436638.019729614,2906.61853463515
519,BLOEMHOF,398426.671577454,2682.74788422142
520,BLOMVLEI,81269.1239700317,1248.44258483249
521,SELBORNE,85852.0707321167,1580.43125654276
522,BLOMTUIN,364799.119148254,2592.27296719397
523,OAKGLEN,1334062.1709671,5654.48598157614
524,CHRISMAR,834049.667266846,4174.75377411364
525,STIKLAND HOSPITAAL,1411026.34060669,5302.69635928038
526,OAKDALE,1440354.26256561,7149.69626392073
527,KINGSTON,160419.282676697,2271.13238654219
528,STELLENBERG,1116593.05190277,4388.85776467463
529,BLOMMENDAL,339108.127586365,2447.15538209956
530,SONSTRAAL HEIGHTS,2317835.48744202,6863.51998180601
531,SONSTRAAL,999969.793312073,4188.4062925704
532,LANGEBERG RIDGE,883385.094947815,3825.77660279491
533,KLEINBRON,625073.377090454,3688.71391478203
534,CAPE GATE,615789.345375061,3529.52814314652
535,AMANDA GLEN ,843721.061027527,4086.18284271172
536,VREDEKLOOF,2751732.78672028,7435.11004490998
537,MORGENSTER HEIGHTS,1226132.82301331,4942.22561870267
538,LOEVENSTEIN,2204991.46190643,6162.55897706974
539,HOHEIZEN,373495.53086853,2512.88413933341
540,ASANDA,859009.289596558,4524.12242754619
541,RETREAT,4805309.70135498,12747.2907957026
542,STELLENRYK,1026019.70510864,5132.6215895498
543,PAROW,533511.415084839,3584.1167936828
544,BEACONVALE,1043339.27106476,7049.22181571103
545,VAN DER STEL,368225.38848877,2986.89985537434
546,SERCOR PARK,368549.798355103,2944.20507620899
547,SOUTHFORK,238682.798919678,1975.4729454176
548,GANTS PARK,355226.348400116,2531.00623325942
549,STRAND INDUSTRIA,249312.22870636,2102.60422275883
550,KENSINGTON,1953814.03204346,6191.29057328533
551,WESFLEUR,10712625.7285614,33375.7122017796
552,ATLANTIS INDUSTRIAL,10018556.3375549,13156.4668252885
553,WYNBERG NU,8925005.05114746,15606.8204408304
554,BISHOPSCOURT,2357302.02854919,7629.55579816134
555,MOUNTAINSIDE ESTATE,387704.986114502,3154.83632781695
556,WINSLOW,232365.234786987,1923.99210395752
557,TEMPERANCE TOWN,123527.16973877,1423.86529277733
558,GORDONS BAY EXT 12,312957.90448761,2793.56072086943
559,ONVERWACHT - GORDON'S BAY,108452.653335571,1377.46368222411
560,DOBSON,266076.709472656,2090.03212072894
561,MOUNTAINSIDE,239548.383792877,2162.15614011397
562,GORDONS STRAND ESTATE,286212.593845367,4371.22443263902
563,ANTILLES/CAYMAN BEACH,59722.0631866455,1139.29829587812
564,ANCHORAGE PARK,337663.174087524,3261.85365055932
565,ADMIRALS PARK,214056.56539917,2208.16736885623
566,HARBOUR ISLAND,226314.772075653,2355.06572227958
567,TIJGERHOF,1092278.48556519,5546.35341693096
568,CENTURY CITY,2656387.99479675,7847.94786293437
569,ACACIA PARK,2834563.17677307,8813.43403872456
570,YSTERPLAAT,2412735.25927734,7141.19987704904
571,ST DUMAS,516437.775993347,3782.59770398687
572,LEIDEN,1448976.77398682,6032.55993615871
573,LANGEBERG HOOGTE,465033.961029053,3162.18112786818
574,SIR LOWRY'S PASS,837814.727521896,8624.76948554005
575,MISSION GROUNDS,261554.395074844,2343.42041991731
576,CROSSROADS,2758083.30171967,11320.5773470933
577,NYANGA,2928032.78399658,7406.87025404923
578,EASTRIDGE,1575082.05778503,5603.38698768925
579,DENNEMERE,1143758.87216187,4848.42900124714
580,KLEINVLEI TOWN,1191126.13291931,4720.39327940465
581,MEADOWRIDGE,1314894.41407776,5102.26752570835
582,SAREPTA,1794548.14817047,7156.85658150344
583,PELIKAN PARK,3990254.33326721,14790.0133803097
584,PELIKAN HEIGHTS,448990.957275391,3419.18370873722
585,ATLAS GARDENS BUSINESS PARK,204973.992248535,1836.73062860077
586,BO OAKDALE,559529.445045471,4528.04806677319
587,PAARDEN EILAND,1559685.50465393,7824.96694743884
588,SALT RIVER,2760793.87866211,9217.65423315519
589,BERGVLIET,2860828.56884766,9250.24819464995
590,TOKAI,8003559.77932739,15903.0023901671
591,STIKLAND INDUSTRIA,2272352.83411407,8203.54196081426
592,MXOLISI PHETANI,1902079.05369568,5850.45611543892
593,BONGANI,5582450.55510712,10946.1122455659
594,ELNOR,280899.784347534,2321.19720681211
595,EPPING FOREST,272419.160598755,2339.64843609651
596,GOLDEN ACRE,718132.656024933,3539.59848741772
597,MARTINVILLE,687239.203903198,4079.94330050321
598,PROTEA HEIGHTS,2819649.99778748,8032.28626324371
599,AURORA,840482.833709717,5446.57735361705
600,VERGESIG,451542.267433167,3326.06337538921
601,RAVENSMEAD,1966639.43498993,6482.82821725366
602,KHAYA,1772352.39310455,5241.08583171829
603,EKUPHUMLENI,394156.917411804,3027.38828935326
604,ILITHA PARK,1798158.12223053,5486.74125739221
605,BRACKENFELL SOUTH,2699389.96837616,8940.19841570152
606,BOTTELARY SMALLHOLDINGS 2,1435366.14294434,6118.95738869619
607,BURGUNDY,900802.143379211,5142.43664330877
608,MORGAN INDUSTRIA,1948677.2905426,9048.75203349807
609,ROSENPARK,158581.497245789,1958.06219687666
610,THEMBOKWEZI,1046941.04489899,5121.37437381349
611,BELLVILLE SOUTH,1630896.01701355,8390.02202051709
612,GREENLANDS,366384.065216064,2890.4384264654
613,SACK'S CIRCLE INDUSTRIA,1497284.10569763,6332.23886686987
614,UWC,1579468.03835297,6150.95429781997
615,PAROW INDUSTRIA,2720856.77124786,8561.56636803195
616,LABIANCE,562193.337905884,3179.50402878192
617,MELKBOSCH STRAND,10228514.1301117,19954.6356251374
618,ROOSENDAL,1176682.84233093,4550.9311780647
619,BELHAR EXT 18,309984.40499115,3005.70183309421
620,FAIRDALE,1294839.89750671,5776.63256035096
621,MFULENI,4087543.93296814,10466.189737613
622,BELLVILLE CBD,743519.388587952,5611.73039441751
623,GRACELAND,439096.108535767,2860.28066894574
624,MANDELA PARK,2315904.17629242,7295.49746768232
625,GARDENS,1909791.26438904,9378.10266891479
626,UMRHABULO TRIANGLE,3405008.62753296,7878.60699138718
627,NATURE'S VALLEY,52640.488735199,1046.74980461287
628,ERINVALE ESTATE,1559346.12475586,6238.90845810052
629,SOMERSET WEST NATURE RESERVE,2962028.69322586,8626.2040530644
630,PLATTEKLOOF GLEN,567875.857223511,3664.92136491607
631,MONTAGUE,1623070.80430603,5723.24693499341
632,N1-STAD,613653.664703369,3296.93492735757
633,TYGERDAL,886206.30355835,4198.21259688686
634,RICHMOND ESTATE,1081144.72567749,4902.77838117426
635,VASCO ESTATE,1335903.61050415,5105.22269039201
636,DISTRICT SIX,1485538.67242432,5833.27854556732
637,FISH HOEK,8131993.22447205,14994.3312574764
638,TOWNSEND ESTATE,1520633.07527161,7083.53823978812
639,FORESHORE,4271042.45629883,41814.4639670817
640,SOUTHFIELD,1839439.38575745,6925.12131146919
641,DENNEGEUR,1008286.48057938,4807.88089651145
642,SCHOONGEZICHT,262596.28036499,2382.44806215578
643,DURBANVILLE,7305156.67840576,20978.4580178936
644,OTTERY,7724585.68496704,13785.9026680277
645,GRASSY PARK,4520598.70394897,10208.6722006693
646,RONDEBOSCH,6793261.69592285,14404.8653514597
647,DRIFTSANDS,15572778.9442062,31776.2034208209
648,KELDERHOF,600761.555099487,3785.0433128147
649,SITARI COUNTRY ESTATE,2016295.15200806,6100.89871178325
650,FIRGROVE,492076.624969482,4317.20059508275
651,BIG BAY,1212060.75212097,5489.24064955125
652,NIEUW MAASTRECHT-1,3618911.81837463,8952.11503797512
653,KANONBERG,333954.26109314,2634.56105154452
654,DE GRENDEL FARM,7611781.09243774,12020.6393173803
655,WELGELEGEN,2106056.0116272,5880.63098123794
656,OUDE WESTHOF,791981.811157227,3923.79889559146
657,WELGEDACHT,1592847.91669464,6194.93315922882
658,BARONETCY ESTATE,1573858.20249939,6659.75146980149
659,PLATTEKLOOF 3,1774168.27980042,6833.31501033076
660,BOSTON,1862480.21289825,6965.94504913429
661,HARDEKRAALTJIE,501356.70274353,4032.39200008951
662,OBSERVATORY,3498749.54386902,9264.30885716852
663,EPPING INDUSTRIA 2,3648407.95915222,7812.69986730102
664,THE RANGE,261091.375396729,2220.52670085265
665,WETTON,1332113.74874878,6934.10871945639
666,DUNOON,990202.153686523,4641.68661915033
667,KILLARNEY GARDENS,1010027.49215698,4725.52478073944
668,ANNANDALE FARM,1093844.73666382,5724.35957607514
669,CAPE FARMS - DISTRICT B,403341748.21843,179726.268657049
670,THE STABLES,175403.310180664,1814.54468840514
671,RACING PARK,420995.897491455,2739.94902726266
672,DE KUILEN,457319.009307861,3203.03776759286
673,SUNNYDALE,6924318.64982605,11711.5180962144
674,KIRSTENHOF,1603246.73703003,5319.1168460251
675,SOMERSET WEST,2772770.29934692,21521.9770864593
676,HERITAGE PARK,1303522.47060394,5744.61544920139
677,ATHLONE,1950104.16711426,6418.46253804248
678,CRAWFORD,1043968.06846619,4603.14809379403
679,BLAAUWBERGSTRAND,838480.911727905,7483.29308832735
680,BLOUBERG RISE,564035.460739136,3302.94099966798
681,WEST BEACH,787252.380783081,4188.7829642495
682,BLOUBERGRANT,238109.374511719,2251.83884589731
683,EAGLE PARK,908501.327011108,3996.89016343352
684,DURBELL,233944.505691528,2305.35670447138
685,CONSTANTIA,24331171.8101654,29248.0614807894
686,KENILWORTH,3465830.74894714,9025.30825199569
687,WYNBERG,4708746.59979248,11246.750947696
688,CLOVELLY,3504717.01159668,9892.4016227679
689,MAITLAND,6094873.83052063,18066.6884390324
690,NEWLANDS,3492858.93078613,11761.1222957161
691,LA CONCORDE,589150.071598053,3325.81833811128
692,CAPE TOWN CITY CENTRE,2230874.81750488,9779.47451854727
693,ELSIES RIVER,1382908.66981506,5816.22157028627
694,AVONWOOD,420295.734863281,2792.16688426352
695,BELMONT PARK,1376578.96935272,5500.12199506657
696,RIVERTON ELSIES RIVER,418172.038284302,2651.41516331923
697,FIRLANDS,13378419.3322258,18002.9504530292
698,GERSHAM,300807.421722412,2544.66379265571
699,KUILSRIVIER SOUTH SMALLHOLDINGS,1114364.63293457,5432.00490482364
700,HIGHBURY,1025384.4895401,5065.18441252324
701,HIGHBURY PARK,411496.404121399,2490.18584825552
702,HELDERBERG INDUSTRIAL PARK,363601.709922791,2609.29397149029
703,BROADLANDS,3201548.85747147,8673.46834179929
704,ROCKLANDS,3132757.72306824,10139.0617989088
705,ORANJEZICHT,1087937.91146851,4767.07846473991
706,DIEP RIVER,1402526.80583191,5708.08832982652
707,AVON,229091.979415894,2304.87335695887
708,DELFT SOUTH,2365933.14398193,7400.68473278188
709,LOTUS RIVER,4826318.83908081,9460.06785308883
710,CLAREMONT,5212478.3591156,12978.627654536
711,VALMARY PARK,475139.927192688,3442.25389311954
712,THREE ANCHOR BAY,316972.657836914,2927.48157795489
713,RONDEBOSCH EAST,1031619.93212891,4339.11852347126
714,CAMPS BAY / BAKOVEN,2956598.77618408,10294.9220189271
715,EPPING INDUSTRIA 1,2558937.02165222,7627.22621970737
716,LEONSDALE,768438.010742188,3944.25667061526
717,EVERSDAL HEIGHTS,586154.521057129,5426.37666451419
718,KEMPENVILLE,400766.989456177,2714.06312478892
719,PLUMSTEAD,4318408.64172363,9867.08625990088
720,HOUT BAY,31291259.725296,34966.8561533424
721,WOODSTOCK,3178935.54867554,9795.56709774395
722,BROOKLYN,1691131.62579346,6489.75773670427
723,MOWBRAY,2784138.05255127,9919.49113407337
724,LANSDOWNE,4610405.59841919,10103.1560456524
725,SEA POINT,1581354.48178101,8519.04359403643
726,BANTRY BAY,359035.931945801,3143.94685467769
727,BIZWENI,793821.49961853,3885.85502351552
728,WESTERDALE,978835.281295776,5170.7671829926
729,GREENVILLE GARDEN CITY,7868843.05770874,13985.9823436093
730,CROYDON,236771.546318054,2713.37812183523
731,WOODLANDS,1270899.00175476,5465.16757939719
732,LENTEGEUR,4984296.920578,11054.778095438
733,IKWEZI PARK,1844526.30594635,7025.32981699442
734,PHILIPPI,45882945.761055,42899.9928410577
735,MORGANS VILLAGE,332111.117126465,2549.02149259415
736,CLARA ANNA FONTEIN,1297942.99391937,4391.83386532264
737,WEDDERWILL ESTATE,2660289.24646759,9086.67344851417
738,HARMONY VILLAGE,156652.036102295,1732.30725052233
739,MILNERTON,12733411.9643097,34532.4096745246
740,TWIN PALMS,242123.971782684,2220.27958781469
741,AAN DE WIJNLANDEN ESTATE,513798.698814392,4534.16040740035
742,JACOBSDAL SMALLHOLDINGS,854744.620002747,7755.47070980926
743,FOREST VILLAGE,3501562.81386566,10229.9692566209
744,FAURE,575121.018135071,4074.46290165706
745,BLOEKOMBOS,1293980.38166046,4953.35058531375
746,MALMESBURY FARMS,113188763.273632,84168.6655084921
747,PINATI ESTATE,785697.437927246,3792.08609229943
748,WOLFGAT NATURE RESERVE,2428140.56395721,8281.81953826426
749,MONWABISI,6591646.22111511,16231.5210626286
750,STELLENBOSCH FARMS (BLUE DOWNS),5044267.87884521,16058.296732832
751,LA MONTAGNE,85190.8499336243,2043.91989551577
752,SUNRIDGE,551772.893112183,3515.71278569634
753,BOTFONTEIN SMALLHOLDINGS,6536753.86533356,14472.9051168123
754,HANOVER PARK,2016497.41984558,6057.16594721875
755,STRANDFONTEIN,11669635.4224014,19857.3007416296
756,FALSE BAY COASTAL PARK,11698931.9090118,26976.9354903101
757,LYNN'S VIEW,834900.400173187,6470.56071672911
758,FIRGROVE RURAL,14106013.3823929,20795.8903865926
759,PAARL FARMS,68184400.7633057,54899.3925464621
760,HELDERVUE,1907975.74393463,6078.80676001649
761,DE BRON,525555.516418457,3618.68464044495
762,GREENWAYS,451741.011287689,3581.06843571976
763,GORDONS BAY VILLAGE,653341.766799927,8317.78962240569
764,WORLD'S VIEW - CALEDON FARMS,1745453.08258057,8374.23120312497
765,GORDONS BAY,1878136.07987976,15356.7784730557
766,CAPE FARMS - DISTRICT C,312038416.215828,114029.081688044
767,KOMMETJIE,3497818.1374054,14960.8454086266
768,CAPE FARMS - DISTRICT H,192782205.036072,171909.386680387
769,MACASSAR,15519519.276062,49262.7622714461
770,TABLE VIEW,6736768.52668762,29403.3181634257
771,KALK BAY,982191.258712769,7168.68131796563
772,ST JAMES,329429.565841675,2871.10720382
773,STELLENBOSCH FARMS,118365123.567079,109927.540489982
774,MUIZENBERG,8395688.76399231,18207.6815337055
775,STRAND,8542578.70148468,30049.2930087045
776,HELDERBERG RURAL,84750920.021513,54301.1958487282
777,HELDERBERG VILLAGE,927877.14390564,5019.07925545974
